Azone,Bzone,Czone,Marea
10,1,NA,Metro
10,2,NA,Metro
10,3,NA,Metro
10,4,NA,Metro
10,5,NA,Metro
10,6,NA,Metro
10,7,NA,Metro
10,8,NA,Metro
10,9,NA,Metro
10,10,NA,Metro
10,11,NA,Metro
10,12,NA,Metro
10,13,NA,Metro
10,14,NA,Metro
10,15,NA,Metro
10,16,NA,Metro
10,17,NA,Metro
8,18,NA,Metro
8,19,NA,Metro
10,20,NA,Metro
10,21,NA,Metro
10,22,NA,Metro
10,23,NA,Metro
10,24,NA,Metro
10,25,NA,Metro
10,26,NA,Metro
10,27,NA,Metro
10,28,NA,Metro
10,29,NA,Metro
10,30,NA,Metro
10,31,NA,Metro
10,32,NA,Metro
10,33,NA,Metro
8,34,NA,Metro
8,35,NA,Metro
8,36,NA,Metro
9,37,NA,Metro
8,38,NA,Metro
9,39,NA,Metro
9,40,NA,Metro
9,41,NA,Metro
9,42,NA,Metro
9,43,NA,Metro
9,44,NA,Metro
9,45,NA,Metro
9,46,NA,Metro
9,47,NA,Metro
9,48,NA,Metro
9,49,NA,Metro
9,50,NA,Metro
9,51,NA,Metro
9,52,NA,Metro
9,53,NA,Metro
9,54,NA,Metro
9,55,NA,Metro
7,56,NA,Metro
7,57,NA,Metro
9,58,NA,Metro
9,59,NA,Metro
9,60,NA,Metro
9,61,NA,Metro
9,62,NA,Metro
7,63,NA,Metro
7,64,NA,Metro
7,65,NA,Metro
7,66,NA,Metro
7,67,NA,Metro
7,68,NA,Metro
7,69,NA,Metro
7,70,NA,Metro
7,71,NA,Metro
7,72,NA,Metro
5,73,NA,Metro
8,74,NA,Metro
5,75,NA,Metro
6,76,NA,Metro
8,77,NA,Metro
8,78,NA,Metro
8,79,NA,Metro
8,80,NA,Metro
8,81,NA,Metro
8,82,NA,Metro
8,83,NA,Metro
8,84,NA,Metro
8,85,NA,Metro
6,86,NA,Metro
6,87,NA,Metro
6,88,NA,Metro
6,89,NA,Metro
6,90,NA,Metro
6,91,NA,Metro
6,92,NA,Metro
6,93,NA,Metro
6,94,NA,Metro
6,95,NA,Metro
6,96,NA,Metro
6,97,NA,Metro
6,98,NA,Metro
6,99,NA,Metro
6,100,NA,Metro
6,101,NA,Metro
6,102,NA,Metro
6,103,NA,Metro
6,104,NA,Metro
5,105,NA,Metro
5,106,NA,None
7,107,NA,Metro
7,108,NA,Metro
9,109,NA,Metro
9,110,NA,Metro
9,111,NA,Metro
9,112,NA,Metro
9,113,NA,Metro
9,114,NA,Metro
11,115,NA,Metro
11,116,NA,Metro
11,117,NA,Metro
11,118,NA,Metro
11,119,NA,Metro
11,120,NA,Metro
10,121,NA,Metro
11,122,NA,Metro
11,123,NA,Metro
11,124,NA,Metro
10,125,NA,Metro
10,126,NA,Metro
10,127,NA,Metro
11,128,NA,Metro
11,129,NA,Metro
11,130,NA,Metro
11,131,NA,Metro
11,132,NA,Metro
11,133,NA,Metro
11,134,NA,Metro
11,135,NA,Metro
11,136,NA,Metro
11,137,NA,Metro
11,138,NA,Metro
11,139,NA,Metro
11,140,NA,Metro
11,141,NA,Metro
11,142,NA,Metro
11,143,NA,Metro
11,144,NA,Metro
11,145,NA,Metro
11,146,NA,Metro
11,147,NA,Metro
11,148,NA,Metro
12,149,NA,Metro
12,150,NA,Metro
12,151,NA,Metro
12,152,NA,Metro
12,153,NA,Metro
12,154,NA,Metro
12,155,NA,Metro
12,156,NA,Metro
13,157,NA,Metro
12,158,NA,Metro
12,159,NA,Metro
12,160,NA,Metro
12,161,NA,Metro
13,162,NA,Metro
12,163,NA,Metro
12,164,NA,Metro
12,165,NA,Metro
12,166,NA,Metro
12,167,NA,Metro
12,168,NA,Metro
13,169,NA,None
8,170,NA,Metro
7,171,NA,Metro
1,172,NA,Metro
1,173,NA,Metro
1,174,NA,Metro
1,175,NA,Metro
1,176,NA,Metro
1,177,NA,Metro
1,178,NA,Metro
1,179,NA,Metro
1,180,NA,Metro
1,181,NA,Metro
1,182,NA,Metro
1,183,NA,Metro
1,184,NA,Metro
1,185,NA,Metro
2,186,NA,Metro
2,187,NA,Metro
2,188,NA,Metro
2,189,NA,Metro
2,190,NA,Metro
2,191,NA,Metro
2,192,NA,Metro
2,193,NA,Metro
2,194,NA,Metro
2,195,NA,Metro
2,196,NA,Metro
2,197,NA,Metro
2,198,NA,Metro
2,199,NA,Metro
2,200,NA,Metro
2,201,NA,Metro
3,202,NA,Metro
3,203,NA,Metro
3,204,NA,Metro
3,205,NA,Metro
3,206,NA,Metro
3,207,NA,Metro
3,208,NA,Metro
3,209,NA,Metro
3,210,NA,Metro
1,211,NA,Metro
1,212,NA,Metro
1,213,NA,Metro
1,214,NA,Metro
1,215,NA,Metro
1,216,NA,Metro
1,217,NA,Metro
1,218,NA,Metro
1,219,NA,None
1,220,NA,Metro
1,221,NA,Metro
1,222,NA,Metro
4,223,NA,Metro
4,224,NA,None
4,225,NA,None
4,226,NA,None
4,227,NA,None
4,228,NA,None
1,229,NA,Metro
4,230,NA,None
4,231,NA,None
3,232,NA,Metro
3,233,NA,Metro
3,234,NA,Metro
4,235,NA,None
4,236,NA,None
4,237,NA,None
4,238,NA,None
4,239,NA,None
4,240,NA,None
4,241,NA,None
4,242,NA,None
4,243,NA,None
4,244,NA,None
4,245,NA,None
4,246,NA,None
4,247,NA,None
4,248,NA,None
4,249,NA,None
1,250,NA,Metro
4,251,NA,None
16,252,NA,Metro
16,253,NA,Metro
16,254,NA,Metro
16,255,NA,Metro
16,256,NA,Metro
16,257,NA,Metro
17,258,NA,Metro
17,259,NA,Metro
17,260,NA,Metro
17,261,NA,Metro
17,262,NA,Metro
17,263,NA,Metro
17,264,NA,Metro
17,265,NA,Metro
17,266,NA,Metro
16,267,NA,Metro
16,268,NA,Metro
16,269,NA,Metro
17,270,NA,Metro
16,271,NA,Metro
16,272,NA,Metro
16,273,NA,Metro
16,274,NA,Metro
16,275,NA,Metro
16,276,NA,Metro
15,277,NA,Metro
16,278,NA,Metro
16,279,NA,Metro
16,280,NA,Metro
14,281,NA,None
16,282,NA,Metro
16,283,NA,Metro
16,284,NA,Metro
16,285,NA,Metro
16,286,NA,Metro
15,287,NA,Metro
15,288,NA,Metro
16,289,NA,Metro
16,290,NA,Metro
16,291,NA,Metro
15,292,NA,Metro
15,293,NA,Metro
15,294,NA,Metro
15,295,NA,Metro
15,296,NA,Metro
15,297,NA,Metro
16,298,NA,Metro
16,299,NA,Metro
15,300,NA,Metro
16,301,NA,Metro
16,302,NA,Metro
16,303,NA,Metro
17,304,NA,Metro
16,305,NA,Metro
16,306,NA,Metro
16,307,NA,Metro
17,308,NA,Metro
17,309,NA,Metro
17,310,NA,Metro
17,311,NA,Metro
17,312,NA,Metro
17,313,NA,Metro
17,314,NA,Metro
17,315,NA,Metro
17,316,NA,Metro
17,317,NA,Metro
17,318,NA,Metro
17,319,NA,Metro
17,320,NA,Metro
17,321,NA,Metro
17,322,NA,Metro
17,323,NA,Metro
17,324,NA,Metro
17,325,NA,None
14,326,NA,None
15,327,NA,Metro
15,328,NA,Metro
15,329,NA,Metro
15,330,NA,Metro
15,331,NA,Metro
15,332,NA,Metro
15,333,NA,Metro
15,334,NA,Metro
15,335,NA,Metro
15,336,NA,Metro
15,337,NA,Metro
15,338,NA,Metro
15,339,NA,Metro
15,340,NA,Metro
15,341,NA,Metro
15,342,NA,Metro
14,343,NA,None
14,344,NA,None
15,345,NA,Metro
15,346,NA,Metro
14,347,NA,None
15,348,NA,Metro
15,349,NA,Metro
15,350,NA,Metro
15,351,NA,Metro
14,352,NA,None
14,353,NA,None
14,354,NA,None
14,355,NA,None
20,356,NA,None
20,357,NA,None
20,358,NA,None
20,359,NA,None
20,360,NA,None
20,361,NA,None
18,362,NA,None
20,363,NA,Metro
20,364,NA,Metro
20,365,NA,Metro
20,366,NA,Metro
20,367,NA,Metro
20,368,NA,Metro
20,369,NA,Metro
20,370,NA,None
20,371,NA,Metro
20,372,NA,None
20,373,NA,None
20,374,NA,None
20,375,NA,None
20,376,NA,Metro
20,377,NA,Metro
20,378,NA,None
20,379,NA,None
20,380,NA,None
20,381,NA,None
20,382,NA,Metro
20,383,NA,Metro
20,384,NA,Metro
20,385,NA,Metro
20,386,NA,Metro
20,387,NA,Metro
20,388,NA,Metro
20,389,NA,Metro
20,390,NA,None
20,391,NA,Metro
20,392,NA,Metro
19,393,NA,Metro
20,394,NA,Metro
20,395,NA,Metro
19,396,NA,Metro
19,397,NA,Metro
19,398,NA,Metro
18,399,NA,Metro
18,400,NA,Metro
18,401,NA,Metro
18,402,NA,Metro
18,403,NA,Metro
18,404,NA,Metro
18,405,NA,Metro
18,406,NA,None
18,407,NA,Metro
18,408,NA,Metro
18,409,NA,Metro
19,410,NA,Metro
19,411,NA,Metro
20,412,NA,Metro
19,413,NA,Metro
19,414,NA,Metro
19,415,NA,Metro
19,416,NA,Metro
19,417,NA,Metro
19,418,NA,Metro
19,419,NA,Metro
19,420,NA,Metro
19,421,NA,Metro
19,422,NA,Metro
20,423,NA,Metro
20,424,NA,Metro
20,425,NA,Metro
20,426,NA,Metro
20,427,NA,Metro
20,428,NA,Metro
20,429,NA,Metro
20,430,NA,Metro
20,431,NA,Metro
20,432,NA,Metro
20,433,NA,Metro
20,434,NA,Metro
20,435,NA,Metro
20,436,NA,Metro
20,437,NA,Metro
20,438,NA,Metro
20,439,NA,Metro
20,440,NA,Metro
20,441,NA,Metro
20,442,NA,Metro
20,443,NA,Metro
20,444,NA,Metro
19,445,NA,Metro
19,446,NA,Metro
19,447,NA,Metro
18,448,NA,Metro
18,449,NA,Metro
18,450,NA,Metro
18,451,NA,Metro
18,452,NA,Metro
18,453,NA,Metro
19,454,NA,Metro
19,455,NA,Metro
19,456,NA,Metro
19,457,NA,Metro
19,458,NA,Metro
19,459,NA,Metro
